{
    "loss": 0.291363388299942,
    "accuracy": 0.9482758641242981
}