{
    "loss": 0.7912245988845825,
    "accuracy": 0.8362069129943848
}